"image","caption","scheduled_at","status","tweet_id","posted_at"
"Told you I was just running errands.png","Told you I was just running errands","2026-04-13 08:50","posted","2043572951035904117","2026-04-13 09:12"
"2026-04-01_08h00 - This set does not care what day it is.jpg","This set does not care what day it is","2026-04-13 17:30","posted","2043698365393764677","2026-04-13 17:30"
"Camo pants, zero camouflage. That's the point.png","Camo pants, zero camouflage. That's the point","2026-04-14 08:50","posted","2043929893264666825","2026-04-14 08:50"
"I like this view but honestly I'm the view.png","I like this view but honestly I'm the view","2026-04-15 08:50","posted","2044294781572935776","2026-04-15 09:00"
"Mirror said yes. I agreed.png","Mirror said yes. I agreed","2026-04-16 08:50","posted","2044654796528140366","2026-04-16 08:51"
"Outdoor seating was the right call.png","Outdoor seating was the right call","2026-04-17 08:50","posted","2045019577256653309","2026-04-17 09:00"
"My kitchen. My rules. My shade of blue 💙.png","My kitchen. My rules. My shade of blue 💙","2026-04-18 08:50","posted","2045381969328955871","2026-04-18 09:00"
"2026-03-09_17h00 - Midnight swim was not optional tonight 🌊.png","Midnight swim was not optional tonight 🌊","2026-04-19 08:50","posted","2045744364823928882","2026-04-19 09:00"
"2026-03-18_08h00 - Soft lighting, softer mood. Just me tonight 🕯️.png","Soft lighting, softer mood. Just me tonight 🕯️","2026-04-20 17:50","posted","2046242713729990994","2026-04-20 18:00"
"2026-03-19_08h00 - This is my version of getting dressed up 🖤.png","This is my version of getting dressed up 🖤","2026-04-21 17:50","posted","2046605055474991465","2026-04-21 18:00"
"Some evenings I just wrap myself in red and forget the world exists 🍷.png","Some evenings I just wrap myself in red and forget the world exists 🍷","2026-04-22 07:50","posted","2046816417064870338","2026-04-22 08:00"
"2026-03-19_17h00 - Hotel rooms hit different when you're in silk 💙.png","Hotel rooms hit different when you're in silk 💙","2026-04-22 17:50","posted","2046967470980829339","2026-04-22 18:00"
"Golden hour hits different when you're already on fire 🔴.png","Golden hour hits different when you're already on fire 🔴","2026-04-23 07:50","posted","2047178824849523130","2026-04-23 08:00"
"2026-03-21_08h00 - Yes I made pancakes in this. What about it.png","Yes I made pancakes in this. What about it","2026-04-23 17:50","posted","2047329269429186709","2026-04-23 17:58"
"I don't need a throne — a velvet sofa and good lighting will do 👑.png","I don't need a throne — a velvet sofa and good lighting will do 👑","2026-04-24 07:50","posted","2047541214396731885","2026-04-24 08:00"
"2026-03-22_08h00 - City views are nice. But have you seen me.png","City views are nice. But have you seen me","2026-04-24 17:50","posted","2047692248985301030","2026-04-24 18:00"
"Arms up, candlelight, gold on everything… Cleopatra didn't ask for permission and neither do I 🕯️ Should I behave… or.png","Arms up, candlelight, gold on everything… Cleopatra didn't ask for permission and neither do I 🕯️ Should I behave… or","2026-04-24 21:00","posted","2047737522118099163","2026-04-24 21:00"
