"image","caption","scheduled_at","status","buffer_post_id","posted_at"
"1 - Dressed to impress, not to explain 🤍.png","Dressed to impress, not to explain 🤍","2026-04-12 20:10","posted","69dbd77e2096be6bcd94c834","2026-04-12 20:34"
"27 - Too hot to handle, too cold to hold 🔥.png"," Too hot to handle, too cold to hold  🔥","2026-04-13 08:50","posted","69dc8941ccb433aff1a1dc81","2026-04-13 09:12"
"Blue velvet and white stockings. My kind of Monday 💙.png","Blue velvet and white stockings. My kind of Monday 💙","2026-04-14 08:50","posted","69ddd5ba89593640cceaf1f2","2026-04-14 08:51"
"My little black dress does most of the work tbh 😏.png","My little black dress does most of the work tbh 😏","2026-04-15 08:55","posted","69df297f425194020bf880d0","2026-04-15 09:00"
"Said I was sitting down for just a minute... somehow ended up looking like this 😅 Does this count as getting dressed.png","Said I was sitting down for just a minute... somehow ended up looking like this 😅 Does this count as getting dressed","2026-04-15 16:55","posted","69df9a037bbad562ea018d62","2026-04-15 17:00"
"Paris called. Obviously I answered 🗼.png","Paris called. Obviously I answered 🗼","2026-04-16 08:56","posted","69e07affedd42cea55bfc74b","2026-04-16 09:00"
"Paris called. Obviously I answered 🗼.png","Paris called. Obviously I answered 🗼","2026-04-16 10:40","posted","69e09392edd42cea55c0815f","2026-04-16 10:45"
"Good morning from my side of the bed ☀️.png","Good morning from my side of the bed ☀️","2026-04-17 07:55","posted","69e1be73a6f1f9c797eefda2","2026-04-17 08:00"
"Told myself I'd be productive this evening… the couch had other plans 😏 Would you come rescue me or just enjoy the view.png","Told myself I'd be productive this evening… the couch had other plans 😏 Would you come rescue me or just enjoy the view","2026-04-17 16:55","posted","69e23d05e74d9e4989283d7c","2026-04-17 17:00"
"Green was the vibe and I ran with it 🌿.png","Green was the vibe and I ran with it 🌿","2026-04-18 07:55","posted","69e30ff3d68594fa387ed98d","2026-04-18 08:00"
"I belong wherever the sea meets the sunset 🌊.png","I belong wherever the sea meets the sunset 🌊","2026-04-19 07:55","posted","69e461763a4ea0d014402480","2026-04-19 08:00"
"I don't need much to make a statement 🤍.png","I don't need much to make a statement 🤍","2026-04-20 07:55","posted","69e5b2f5bf5bb1a8240c6880","2026-04-20 08:00"
"I don't need much to make a statement 🤍.png","I don't need much to make a statement 🤍","2026-04-20 10:00","posted","69e5dd281cf22b0749945c6b","2026-04-20 11:01"
"Late nights and desk lamp energy 🌃.png","Late nights and desk lamp energy 🌃","2026-04-21 07:55","posted","69e70476c14076a2b3ce63e1","2026-04-21 08:01"
"Low to the ground, high on life 🖤.jpg","Low to the ground, high on life 🖤","2026-04-22 07:55","posted","69e855f4464b94cbacf09ea3","2026-04-22 08:01"
"Some mornings I just stay here a little longer 🌅.jpg","Some mornings I just stay here a little longer 🌅","2026-04-23 07:55","posted","69e9a77aa0e245be80fe1e82","2026-04-23 08:01"
"Champagne with a view. I've had worse evenings 🥂.png","Champagne with a view. I've had worse evenings 🥂","2026-04-24 08:55","posted","69eb070c8c7878fc1dcbda94","2026-04-24 09:01"
"First coffee, then everything else ☕.png","First coffee, then everything else ☕","2026-04-25 08:55","posted","69ec581de56655619b8a8594","2026-04-25 09:00"
"Golden hour found me exactly like this ☀️.png","Golden hour found me exactly like this ☀️","2026-04-26 08:55","posted","69edf757e56655619b95c297","2026-04-26 14:31"
"Told myself I was just sitting down for a second… the lace had other plans 🖤 Stay or go — what would you do.png","Told myself I was just sitting down for a second… the lace had other plans 🖤 Stay or go — what would you do","2026-04-27 07:55","posted","69eeed78e56655619b9cc4f0","2026-04-27 08:01"
"Sat on the bed to plan my evening… the boots decided for me 🖤 Would you take me out or keep me in.png","Sat on the bed to plan my evening… the boots decided for me 🖤 Would you take me out or keep me in","2026-04-28 07:55","posted","69f03ef2b85bfdc31a517595","2026-04-28 08:01"
"Meant to say goodnight… then the light came through the doorway and I lost track of time ✨ Stay or go — you decide.png","Meant to say goodnight… then the light came through the doorway and I lost track of time ✨ Stay or go — you decide","2026-04-29 07:55","posted","69f19071b85bfdc31a5b53e2","2026-04-29 08:01"
"Told myself it was just a quiet evening in… somehow ended up like this 🕯️ Is this what staying in looks like to you.png","Told myself it was just a quiet evening in… somehow ended up like this 🕯️ Is this what staying in looks like to you","2026-04-30 07:55","posted","69f2e1f564f99768ec92821a","2026-04-30 08:01"
"Sat down to take one quick photo… forty minutes later, still going 💙 Tell me I'm not the only one who does this.png","Sat down to take one quick photo… forty minutes later, still going 💙 Tell me I'm not the only one who does this","2026-05-01 07:55","posted","69f4337464f99768ec9d309e","2026-05-01 08:01"
"Started the evening with just watching the sunset… ended up in red silk with zero regrets 🔴 Who's joining me.png","Started the evening with just watching the sunset… ended up in red silk with zero regrets 🔴 Who's joining me","2026-05-02 07:55","posted","69f584efb2bf116e3e412d07","2026-05-02 08:01"
"Leaned here for just a second… stayed for the whole mood 🔴 Do I look like I have somewhere to be.png","Leaned here for just a second… stayed for the whole mood 🔴 Do I look like I have somewhere to be","2026-05-03 07:55","posted","69f6d59eebb6d538a0e03eb8","2026-05-03 07:58"
"Told myself I'd get dressed an hour ago… the lamplight and the silk had other plans ✨ Anyone else.png","Told myself I'd get dressed an hour ago… the lamplight and the silk had other plans ✨ Anyone else","2026-05-04 07:55","posted","69f82744766f329adc2b2164","2026-05-04 07:58"
"Told myself I'd stay in tonight… then the rain made everything look like a movie 🌧️ Some evenings just pull you outside.png","Told myself I'd stay in tonight… then the rain made everything look like a movie 🌧️ Some evenings just pull you outside","2026-05-05 07:55","posted","69f97974042507da7a02f443","2026-05-05 08:01"
"Sat down to do absolutely nothing… and the evening light turned it into a whole moment 🔴 Is it the red or the light.png","Sat down to do absolutely nothing… and the evening light turned it into a whole moment 🔴 Is it the red or the light","2026-05-06 07:55","posted","69facaf4508055e614681468","2026-05-06 08:01"
"Told myself this was just a quick mirror check… then I sat down and the roses took over 🌹 Guilty as charged.png","Told myself this was just a quick mirror check… then I sat down and the roses took over 🌹 Guilty as charged","2026-05-07 07:55","posted","69fc1c78193634c274652698","2026-05-07 08:01"
"Walked into this room and immediately forgot whatever I was stressed about 🌸 Sometimes pink fixes everything — agree.png","Walked into this room and immediately forgot whatever I was stressed about 🌸 Sometimes pink fixes everything — agree","2026-05-08 07:55","posted","69fd6df594c445cd61d05f6b","2026-05-08 08:01"
"Sat here to think… spent the whole time practicing this instead 🖤 Overthinking never looked this good — or did it.png","Sat here to think… spent the whole time practicing this instead 🖤 Overthinking never looked this good — or did it","2026-05-09 07:55","posted","69febf7180da435d7b52cbf9","2026-05-09 08:01"
"Sat down for five minutes to take a break… ended up reconsidering every outfit decision I've ever made 💚 Soft or strong — pick one.png","Sat down for five minutes to take a break… ended up reconsidering every outfit decision I've ever made 💚 Soft or strong — pick one","2026-05-10 07:55","posted","6a0010f38c697e6b3c2212d6","2026-05-10 08:01"
"Told myself I was going to actually cook today… then decided sitting here was enough productivity 🔴 Anyone else use the kitchen like this.png","Told myself I was going to actually cook today… then decided sitting here was enough productivity 🔴 Anyone else use the kitchen like this","2026-05-11 07:55","posted","6a01627156d871752cd70555","2026-05-11 08:01"
"Red was the only answer tonight 🔴 Tell me — power move or distraction.png","Red was the only answer tonight 🔴 Tell me — power move or distraction","2026-05-12 07:55","posted","6a02b3f10f2e1f2e8751b647","2026-05-12 08:01"
"Leather, low light, and a mission I'm not at liberty to discuss… 🖤 Should I behave or keep the mystery.png","Leather, low light, and a mission I'm not at liberty to discuss… 🖤 Should I behave or keep the mystery","2026-05-13 07:55","posted","6a040576139a39dd50e607f9","2026-05-13 08:01"
"Sat down to answer emails… accidentally became the view instead 😅 Power move or distraction.png","Sat down to answer emails… accidentally became the view instead 😅 Power move or distraction","2026-05-14 07:55","posted","6a0556ee3208a69268a4d149","2026-05-14 08:01"
"Pick a card, any card — but fair warning, I never play by the rules 🃏 Care to guess what I have up my sleeve.png","Pick a card, any card — but fair warning, I never play by the rules 🃏 Care to guess what I have up my sleeve","2026-05-15 07:50","posted","6a06a8731b4c004a9d98945c","2026-05-15 08:01"
"Slipped into something soft and called it a whole personality 🩷 Is it the lace, the socks, or just the way I'm smiling at you.png","Slipped into something soft and called it a whole personality 🩷 Is it the lace, the socks, or just the way I'm smiling at you","2026-05-16 07:55","posted","6a07f9f0ea38df1e1b92d999","2026-05-16 08:01"
"Took the world's longest shower and I'm not even a little sorry 🤍 What's your excuse for being late.png","Took the world's longest shower and I'm not even a little sorry 🤍 What's your excuse for being late","2026-05-17 07:55","posted","6a094b700557e54b570042ac","2026-05-17 08:01"
"Soft light, lazy afternoon, and this green that keeps catching the sun… care to guess what I was thinking 💚.png","Soft light, lazy afternoon, and this green that keeps catching the sun… care to guess what I was thinking 💚","2026-05-18 07:55","posted","6a0a9cefd893125e86b1f339","2026-05-18 08:01"
"Some evenings I wrap up in barely anything and call it luxury… should I untie this or just leave you wondering ✨.png","Some evenings I wrap up in barely anything and call it luxury… should I untie this or just leave you wondering ✨","2026-05-19 07:55","posted","6a0bee704fa3bb743e3badc8","2026-05-19 08:01"
"Found the armchair, the lamp did the rest. Some evenings just write themselves… ⚙️ Victorian or timeless — tell me what you think.png","Found the armchair, the lamp did the rest. Some evenings just write themselves… ⚙️ Victorian or timeless — tell me what you think","2026-05-20 18:00","posted","6a0dcc967048b91867b502f2","2026-05-20 18:01"
"Stretched my arms for one second… the sunset timed itself perfectly and I’m not taking credit 🌅 Would you sit next to me or just stare from across the room.png","Stretched my arms for one second… the sunset timed itself perfectly and I’m not taking credit 🌅 Would you sit next to me or just stare from across the room","2026-05-21 07:55","posted","6a0e916d4f4d09f66506d60f","2026-05-21 08:01"
"Woke up, chose warrior energy… then chose to lie down and reconsider 🫺 Battle-ready or just dramatically beautiful.png","Woke up, chose warrior energy… then chose to lie down and reconsider 🫺 Battle-ready or just dramatically beautiful","2026-05-22 07:50","posted","6a0fe2f10134cff812dffafc","2026-05-22 08:01"
"Said I'd study today… the stairs had better lighting so here we are 📚 Is it giving student or something else entirely.png","Said I'd study today… the stairs had better lighting so here we are 📚 Is it giving student or something else entirely","2026-05-23 08:50","posted","6a11428293ec79a2e0180e83","2026-05-23 09:01"
"Told myself I'd be productive today… then the sunlight found me and I never recovered 😴.png","Told myself I'd be productive today… then the sunlight found me and I never recovered 😴","2026-05-24 07:55","posted","6a1285ed189925716a32c22b","2026-05-24 08:01"
"Told myself I'd get ready quickly… then the morning light decided otherwise 😌 Kalimera.png","Told myself I'd get ready quickly… then the morning light decided otherwise 😌 Kalimera","2026-05-25 07:55","posted","6a13d771718f32f0f175b905","2026-05-25 08:01"
"Arms up, no reason… sometimes the uniform just demands it 😌 Do I look like your reason to behave or the complete opposite.png","Arms up, no reason… sometimes the uniform just demands it 😌 Do I look like your reason to behave or the complete opposite","2026-05-27 14:00","posted","manual","2026-05-27 15:00"
"Woke up feeling like this… and honestly I'm not sorry 💙 Good morning or great morning.png","Woke up feeling like this… and honestly I'm not sorry 💙 Good morning or great morning","2026-05-28 07:55","posted","6a17cbf5a570c5b88bcd8f31","2026-05-28 08:01"
"Told myself I'd keep it simple tonight… then accidentally became queen of Egypt 💛 Is it giving royalty or just Thursday evening.png","Told myself I'd keep it simple tonight… then accidentally became queen of Egypt 💛 Is it giving royalty or just Thursday evening","2026-05-29 07:50","posted","6a191d715cb1476612fc32fd","2026-05-29 08:01"
"Sat down to answer emails… the lamp hit different and suddenly the whole plan changed 💻 Productive evening or not — you decide.png","Sat down to answer emails… the lamp hit different and suddenly the whole plan changed 💻 Productive evening or not — you decide","2026-05-30 08:50","posted","6a1a7d02a88e999a78cb7e8f","2026-05-30 09:01"
"Woke up thinking calm evening in… then red happened and plans changed entirely 🔴 Tell me — would you stay or find a reason to go out.png","Woke up thinking calm evening in… then red happened and plans changed entirely 🔴 Tell me — would you stay or find a reason to go out","2026-05-31 07:55","posted","6a1bc07619f751d8938ea08a","2026-05-31 08:01"
"Invisible was the plan for today… then I stepped into this light and completely forgot the plan 🤍 Is it the white, the pose, or just the way I’m looking at you….png","Invisible was the plan for today… then I stepped into this light and completely forgot the plan 🤍 Is it the white, the pose, or just the way I’m looking at you…","2026-06-01 07:55","posted","6a1d11f105aefff1bd987b19","2026-06-01 08:01"
"Said I'd be productive this evening… ended up stretched out on the floor in this instead 🖤 Honestly, would you have done any differently….png","Said I'd be productive this evening… ended up stretched out on the floor in this instead 🖤 Honestly, would you have done any differently…","2026-06-02 07:55","posted","6a1e635026e02ebd58f4d04d","2026-06-02 08:01"
"Said I'd get changed and head out… the shirt had other plans and honestly I agreed with it 🤍 Too much or just enough….png","Said I'd get changed and head out… the shirt had other plans and honestly I agreed with it 🤍 Too much or just enough…","2026-06-03 07:55","posted","6a1fb4f3d5251b1b5b86fd4e","2026-06-03 08:01"
"Said I'd just stop in for one drink… then the dress hit the light and the whole bar changed its plans 💋 Would you sit next to me or just stare from across the room….png","Said I'd just stop in for one drink… then the dress hit the light and the whole bar changed its plans 💋 Would you sit next to me or just stare from across the room…","2026-06-04 07:55","posted","6a21067be39a388093af4bc7","2026-06-04 08:01"
"Sat down to watch the race… accidentally became the most distracting thing at the track 🏎️ Speed or style — what are you looking at.png","Sat down to watch the race… accidentally became the most distracting thing at the track 🏎️ Speed or style — what are you looking at","2026-06-05 18:00","posted","6a22e4a8929326553d8d3284","2026-06-05 18:02"
"Said I'd sit still for five minutes… the orange chair and the arms-up situation happened before I could stop them 🟠 Too much or just enough….png","Said I'd sit still for five minutes… the orange chair and the arms-up situation happened before I could stop them 🟠 Too much or just enough…","2026-06-06 07:55","posted","6a23a97a556e567c77bacbb0","2026-06-06 08:01"
"Said I'd stay in and plan my next move… ended up looking like I'm about to raid something 💫 Power move or distraction….png","Said I'd stay in and plan my next move… ended up looking like I'm about to raid something 💫 Power move or distraction…","2026-06-07 07:55","posted","6a24fafcefdc278ad4a0669d","2026-06-07 08:01"
"Said I’d blend in tonight… the wall had other ideas 🔴 Would you interrupt me or just admire from a distance….png","Said I’d blend in tonight… the wall had other ideas 🔴 Would you interrupt me or just admire from a distance…","2026-06-08 07:55","posted","6a264c7b52eb7fd342a86f83","2026-06-08 08:01"
"Sat down at the counter for one minute… then the light hit the dress and I forgot what I was even doing 🤍 Tell me — stay for coffee or cause trouble first….png","Sat down at the counter for one minute… then the light hit the dress and I forgot what I was even doing 🤍 Tell me — stay for coffee or cause trouble first…","2026-06-09 07:55","posted","6a279dfc279186d30c7805a4","2026-06-09 08:01"
"Sat down at the desk with the best intentions… apparently the lamp and the typewriter had other plans 💼 Tell me — work mode or distraction….png","Sat down at the desk with the best intentions… apparently the lamp and the typewriter had other plans 💼 Tell me — work mode or distraction…","2026-06-10 07:55","posted","6a28ef7c3631df99c0ea4847","2026-06-10 08:01"
"Sat down to meditate… accidentally summoned something much more powerful 🔴 Is it the energy, the red, or just the way I’m looking at you….png","Sat down to meditate… accidentally summoned something much more powerful 🔴 Is it the energy, the red, or just the way I’m looking at you…","2026-06-11 07:55","posted","6a2a40fcd94814c03b586133","2026-06-11 08:01"
"Sat down to relax and ended up looking like this instead… honestly not sure where it went wrong 💛 What would you do if I looked at you like this….png","Sat down to relax and ended up looking like this instead… honestly not sure where it went wrong 💛 What would you do if I looked at you like this…","2026-06-13 07:55","posted","6a2ce3a161b0aab8c15b95ab","2026-06-13 08:00"
"Started the evening with candles and good intentions… then the silk hit the floor and the intentions changed 🕯️ Care to guess what I was planning….png","Started the evening with candles and good intentions… then the silk hit the floor and the intentions changed 🕯️ Care to guess what I was planning…","2026-06-14 07:55","posted","6a2e357e173b697c8a8f3067","2026-06-14 08:01"
"Told myself I'd be subtle today… then put on the gold and completely forgot what subtle means ⭐ Too much or just enough….png","Told myself I'd be subtle today… then put on the gold and completely forgot what subtle means ⭐ Too much or just enough…","2026-06-15 07:55","posted","6a2f8701897a9080afa72e04","2026-06-15 08:02"
"Told myself I'd go out tonight… then sat down in this and the chair made a very compelling argument for staying 🖤 Would you interrupt me or just let me win this one….png","Told myself I'd go out tonight… then sat down in this and the chair made a very compelling argument for staying 🖤 Would you interrupt me or just let me win this one…","2026-06-16 07:55","posted","6a30d87d87285a0f08b42986","2026-06-16 08:01"
"Saving the world can wait five minutes… the lighting in here was too good to ignore 💥 Heroes take breaks too, right.png","Saving the world can wait five minutes… the lighting in here was too good to ignore 💥 Heroes take breaks too, right","2026-06-17 12:48","posted","6a326e464670fe142c83ea62","2026-06-17 12:53"
"Told myself I'd have a calm evening at home… then the leather suit happened and here we are 🖤 Would you interrupt me or just watch from a safe distance….png","Told myself I'd have a calm evening at home… then the leather suit happened and here we are 🖤 Would you interrupt me or just watch from a safe distance…","2026-06-17 16:34","posted","6a32a514daf2c9c3771fa955","2026-06-17 16:47"
