"image","caption","scheduled_at","status","buffer_post_id"
"Slipped into something soft and mysterious… the lamp agreed it was a good choice 🪔 Would you knock or just linger at the door.png","Slipped into something soft and mysterious… the lamp agreed it was a good choice 🪔 Would you knock or just linger at the door","2026-06-26 18:00","",""
"The jacket said professional. The rest of the outfit had other plans… 💙 Would you sit next to me or just stare from across the aisle.png","The jacket said professional. The rest of the outfit had other plans… 💙 Would you sit next to me or just stare from across the aisle","2026-06-29 18:00","",""
"Told myself I'd be productive today… ended up just sitting on the stairs looking like this instead 😅 Productive or not — worth it.png","Told myself I'd be productive today… ended up just sitting on the stairs looking like this instead 😅 Productive or not — worth it","2026-06-30 18:00","",""
"Told myself it was too early for this much colour… the mirror disagreed 🌺 Would you.png","Told myself it was too early for this much colour… the mirror disagreed 🌺 Would you","2026-08-02 08:50","",""
"Told myself it was just a casual sit-down… then the gold hit the light and everything changed 💫 Power move or distraction….png","Told myself it was just a casual sit-down… then the gold hit the light and everything changed 💫 Power move or distraction…","2026-06-22 07:55","",""
"Told myself it was just a window seat… then the golden light showed up and I completely lost the plot 🟠 Is it the light, the dress, or just the way I'm sitting here….png","Told myself it was just a window seat… then the golden light showed up and I completely lost the plot 🟠 Is it the light, the dress, or just the way I'm sitting here…","2026-06-23 07:55","",""
"Woke up and chose futuristic today… the glowing lines weren’t optional ✨ Would you sit next to me or just stare from across the room….png","Woke up and chose futuristic today… the glowing lines weren’t optional ✨ Would you sit next to me or just stare from across the room…","2026-06-24 07:55","",""
"Woke up and felt like white was the only color that made sense today… the throne was already there, obviously 😌 Too much or just enough….png","Woke up and felt like white was the only color that made sense today… the throne was already there, obviously 😌 Too much or just enough…","2026-06-25 07:55","",""
"Woke up choosing power today… the white throne and cape were a bonus, obviously 😌 Is it the cape, the confidence, or just the way I'm sitting here….png","Woke up choosing power today… the white throne and cape were a bonus, obviously 😌 Is it the cape, the confidence, or just the way I'm sitting here…","2026-06-27 07:55","",""
"Woke up in the wrong hallway with the right dress on… honestly no complaints 🖤 Would you stop me or just watch me walk away….png","Woke up in the wrong hallway with the right dress on… honestly no complaints 🖤 Would you stop me or just watch me walk away…","2026-06-28 07:55","",""
"Arms up and already planning my day... then the light hit the white and the plans were cancelled 💗 Has a moment ever hijacked your whole afternoon.png","Arms up and already planning my day... then the light hit the white and the plans were cancelled 💗 Has a moment ever hijacked your whole afternoon","2026-07-01 08:50","",""
"Arms up to the last light of the day... honestly felt like the only correct response to a sunset this good 🌅 Tell me I'm not alone in this.png","Arms up to the last light of the day... honestly felt like the only correct response to a sunset this good 🌅 Tell me I'm not alone in this","2026-07-02 08:50","",""
"Borrowed a surfboard with zero intention of surfing... turns out it makes a perfect sunset bed 🌊 Priorities or no priorities.png","Borrowed a surfboard with zero intention of surfing... turns out it makes a perfect sunset bed 🌊 Priorities or no priorities","2026-07-03 08:50","",""
"Claimed this rock with zero hesitation and the sea respected the decision immediately 😌 Do you negotiate or just sit down and own it.png","Claimed this rock with zero hesitation and the sea respected the decision immediately 😌 Do you negotiate or just sit down and own it","2026-07-04 08:50","",""
"Discovered stone steps that led to a view I wasn't ready for... sat down and let it win completely 🌅 Could you walk past this.png","Discovered stone steps that led to a view I wasn't ready for... sat down and let it win completely 🌅 Could you walk past this","2026-07-05 08:50","",""
"Found a gap in the rocks that framed the whole ocean like a painting... I sat down and became part of it 💙 Would you have moved or stayed.png","Found a gap in the rocks that framed the whole ocean like a painting... I sat down and became part of it 💙 Would you have moved or stayed","2026-07-06 08:50","",""
"Found a piece of driftwood, claimed it, watched the entire sky change... the underrated seat of the year 🌅 Agree or disagree.png","Found a piece of driftwood, claimed it, watched the entire sky change... the underrated seat of the year 🌅 Agree or disagree","2026-07-07 08:50","",""
"Green dress, afternoon sun, and the very strong feeling this pool deck was designed for exactly this 💚 Would you approach or just watch.png","Green dress, afternoon sun, and the very strong feeling this pool deck was designed for exactly this 💚 Would you approach or just watch","2026-07-08 08:50","",""
"Halfway between the cool water and the warm afternoon and I refused to pick a side 💗 Is this not the best seat at any pool.png","Halfway between the cool water and the warm afternoon and I refused to pick a side 💗 Is this not the best seat at any pool","2026-07-09 08:50","",""
"Knees in the sand, sun going down, and the feeling that this is exactly where I'm supposed to be 🌅 Do you have a place that feels like that.png","Knees in the sand, sun going down, and the feeling that this is exactly where I'm supposed to be 🌅 Do you have a place that feels like that","2026-07-10 08:50","",""
"Leaned here for one photo and ended up staying for the entire golden hour... worth it or distraction 💋.png","Leaned here for one photo and ended up staying for the entire golden hour... worth it or distraction 💋","2026-07-11 08:50","",""
"Navy, pool blue, and a golden hour that made everything look like a film still... I just showed up 💙 Some combinations are just meant to exist together, yes.png","Navy, pool blue, and a golden hour that made everything look like a film still... I just showed up 💙 Some combinations are just meant to exist together, yes","2026-07-12 08:50","",""
"Off-shoulder florals and a pool that turned the most average afternoon into something I want to live in 🌺 Is it the dress or just the light. Be honest.png","Off-shoulder florals and a pool that turned the most average afternoon into something I want to live in 🌺 Is it the dress or just the light. Be honest","2026-07-13 08:50","",""
"Palm tree, feet in the water, sky on fire... I was supposed to be somewhere else but the sea had a better plan 🌅 Has a place ever just kept you there.png","Palm tree, feet in the water, sky on fire... I was supposed to be somewhere else but the sea had a better plan 🌅 Has a place ever just kept you there","2026-07-14 08:50","",""
"Said I'd watch the sunset for five minutes... the sand was warm and my five minutes became the whole evening 🌊 Would you have stayed too.png","Said I'd watch the sunset for five minutes... the sand was warm and my five minutes became the whole evening 🌊 Would you have stayed too","2026-07-15 08:50","",""
"Said I'd wear red and the sun lounger immediately took that as a personal invitation... couldn't disagree 🔴 Power move or did the dress decide.png","Said I'd wear red and the sun lounger immediately took that as a personal invitation... couldn't disagree 🔴 Power move or did the dress decide","2026-07-16 08:50","",""
"Sat down in the shallows for just a moment... the sea had a completely different timeline in mind 🌊 Is it possible to leave when the light looks like this.png","Sat down in the shallows for just a moment... the sea had a completely different timeline in mind 🌊 Is it possible to leave when the light looks like this","2026-07-17 08:50","",""
"Sat down in this and immediately felt like the evening had better plans than I did 🔴 Does red always know something we don't.png","Sat down in this and immediately felt like the evening had better plans than I did 🔴 Does red always know something we don't","2026-07-18 08:50","",""
"Sat down on these stairs for just a minute... three hours later and I'm completely fine with that 😅 Tell me — power move or total surrender.png","Sat down on these stairs for just a minute... three hours later and I'm completely fine with that 😅 Tell me — power move or total surrender","2026-07-19 08:50","",""
"Sat on a float in a sundress with absolutely zero productive intentions... the pool had very good arguments 🧡 Would you have floated away with me.png","Sat on a float in a sundress with absolutely zero productive intentions... the pool had very good arguments 🧡 Would you have floated away with me","2026-07-20 08:50","",""
"Sat on these stairs in red and the architecture immediately started working overtime 🔴 Outfit makes the location or location makes the outfit.png","Sat on these stairs in red and the architecture immediately started working overtime 🔴 Outfit makes the location or location makes the outfit","2026-07-21 08:50","",""
"Settled into this corner with zero plans and zero apologies... the pink made all the decisions 💗 Would you interrupt or just let me have this.png","Settled into this corner with zero plans and zero apologies... the pink made all the decisions 💗 Would you interrupt or just let me have this","2026-07-22 08:50","",""
"Soft light, blush pink, and a wall that offered better composition than any studio I've been in 💗 Is it the light or just the feeling. Tell me honestly.png","Soft light, blush pink, and a wall that offered better composition than any studio I've been in 💗 Is it the light or just the feeling. Tell me honestly","2026-07-23 08:50","",""
"Started with a quick look by the pool... the lace caught the light and I stayed indefinitely 🤍 Can you blame me.png","Started with a quick look by the pool... the lace caught the light and I stayed indefinitely 🤍 Can you blame me","2026-07-24 08:50","",""
"Started with just a sunset walk... ended up here forgetting what I was supposed to do next 🌊 Relatable or just me.png","Started with just a sunset walk... ended up here forgetting what I was supposed to do next 🌊 Relatable or just me","2026-07-25 08:50","",""
"Stood completely still while the whole sky changed color around me... sometimes you just let the moment do the work 🌊 Could you stand still in this.png","Stood completely still while the whole sky changed color around me... sometimes you just let the moment do the work 🌊 Could you stand still in this","2026-07-26 08:50","",""
"The lounger said horizontal, the dress said dramatic, and I said yes to both without question 💗 Is that not the definition of a good afternoon.png","The lounger said horizontal, the dress said dramatic, and I said yes to both without question 💗 Is that not the definition of a good afternoon","2026-07-27 08:50","",""
"Told myself I'd be quick... then the light caught everything at exactly the right angle 😇 Is it the light, the moment, or just the way I'm looking at you.png","Told myself I'd be quick... then the light caught everything at exactly the right angle 😇 Is it the light, the moment, or just the way I'm looking at you","2026-07-28 08:50","",""
"Told myself I'd get up in a minute... the linen, the lamp, and the sofa had a completely different agenda 🤍 Most relatable situation I've been in.png","Told myself I'd get up in a minute... the linen, the lamp, and the sofa had a completely different agenda 🤍 Most relatable situation I've been in","2026-07-29 08:50","",""
"Told myself I'd sit by the pool for five minutes... the dress, the palms, and the light made a unanimous decision 🤍 Guilty or not guilty.png","Told myself I'd sit by the pool for five minutes... the dress, the palms, and the light made a unanimous decision 🤍 Guilty or not guilty","2026-07-30 08:50","",""
"Tropical print, arms wide, and the feeling that summer arrived while I was already dressed for it 💗 Were you ready too.png","Tropical print, arms wide, and the feeling that summer arrived while I was already dressed for it 💗 Were you ready too","2026-07-31 08:50","",""
"Woke up thinking very practical thoughts... then put this on and they rearranged themselves entirely 😅 Power move or just a very convincing dress.png","Woke up thinking very practical thoughts... then put this on and they rearranged themselves entirely 😅 Power move or just a very convincing dress","2026-08-01 08:50","",""
"A little magic, a little mischief… mostly mischief 🔴 Want to see my next trick.png","A little magic, a little mischief… mostly mischief 🔴 Want to see my next trick","2026-08-03 08:50","",""
"Called it a productive day the moment I found this lounger 😇 Do I look like I have somewhere to be.png","Called it a productive day the moment I found this lounger 😇 Do I look like I have somewhere to be","2026-08-04 08:50","",""
"Caught between the light and my own thoughts… stayed here a while 🤍 Is it the quiet or the view that got you.png","Caught between the light and my own thoughts… stayed here a while 🤍 Is it the quiet or the view that got you","2026-08-05 08:50","",""
"Chaos is just energy with better aesthetics 🖤 Are you brave enough to look twice.png","Chaos is just energy with better aesthetics 🖤 Are you brave enough to look twice","2026-08-06 08:50","",""
"Charged up and dangerous… you were warned 💙 Think you can handle the energy.png","Charged up and dangerous… you were warned 💙 Think you can handle the energy","2026-08-07 08:50","",""
"Empires don't build themselves… but a good cape helps 👑 Are you with me or in my way.png","Empires don't build themselves… but a good cape helps 👑 Are you with me or in my way","2026-08-08 08:50","",""
"Every staircase is a runway if you walk it right 😏 Is it the skirt or the confidence that got you.png","Every staircase is a runway if you walk it right 😏 Is it the skirt or the confidence that got you","2026-08-09 08:50","",""
"Found a wall worth leaning against and made it mine 🖤 Is it the location or the company.png","Found a wall worth leaning against and made it mine 🖤 Is it the location or the company","2026-08-10 08:50","",""
"Found the perfect rock and claimed it as mine 😌 Some views are worth sitting still for.png","Found the perfect rock and claimed it as mine 😌 Some views are worth sitting still for","2026-08-11 08:50","",""
"Morning chaos looks a little like this 💗 Is it the outfit or the energy that's dangerous.png","Morning chaos looks a little like this 💗 Is it the outfit or the energy that's dangerous","2026-08-12 08:50","",""
"Mornings hit different when you stop rushing them 💗 Is this the kind of slow you could get used to.png","Mornings hit different when you stop rushing them 💗 Is this the kind of slow you could get used to","2026-08-13 08:50","",""
"Said I'd be ready in five minutes… then the mirror happened 😏 Should I apologise or just send another.png","Said I'd be ready in five minutes… then the mirror happened 😏 Should I apologise or just send another","2026-08-14 08:50","",""
"Said I'd just watch the sunset… ended up sitting in it 🌅 Would you have joined me.png","Said I'd just watch the sunset… ended up sitting in it 🌅 Would you have joined me","2026-08-15 08:50","",""
"Sat down for a coffee… became someone's entire afternoon instead 😌 Is it the view from outside or the one inside.png","Sat down for a coffee… became someone's entire afternoon instead 😌 Is it the view from outside or the one inside","2026-08-16 08:50","",""
"Sat down to enjoy the view… then realised I was the view 🔴 Would you even look at the city.png","Sat down to enjoy the view… then realised I was the view 🔴 Would you even look at the city","2026-08-17 08:50","",""
"Sat down to plan my week… accidentally just sat here instead 😌 Some plans are better unplanned.png","Sat down to plan my week… accidentally just sat here instead 😌 Some plans are better unplanned","2026-08-18 08:50","",""
"Slipped into something minimal and stayed there all evening 😇 Is it the color, the fit, or just the way I'm looking at you.png","Slipped into something minimal and stayed there all evening 😇 Is it the color, the fit, or just the way I'm looking at you","2026-08-19 08:50","",""
"Slipped into something… barely 😇 Would you stay or just stare from the doorway.png","Slipped into something… barely 😇 Would you stay or just stare from the doorway","2026-08-20 08:50","",""
"Soft light, slow morning… the kind you don't want to rush 💗 Would you even get out of bed.png","Soft light, slow morning… the kind you don't want to rush 💗 Would you even get out of bed","2026-08-21 08:50","",""
"Some evenings call for drama… I answered 🖤 Good luck pretending you weren't staring.png","Some evenings call for drama… I answered 🖤 Good luck pretending you weren't staring","2026-08-22 08:50","",""
"Started cooking, ended up just standing here like this… the food can wait 😅 Would you even be able to concentrate.png","Started cooking, ended up just standing here like this… the food can wait 😅 Would you even be able to concentrate","2026-08-23 08:50","",""
"Started the morning with the best intentions… ended here and honestly no regrets 💗 Would you interrupt me.png","Started the morning with the best intentions… ended here and honestly no regrets 💗 Would you interrupt me","2026-08-24 08:50","",""
"The city at night is mine… I just let others think otherwise 🖤 Would you follow me into the dark.png","The city at night is mine… I just let others think otherwise 🖤 Would you follow me into the dark","2026-08-25 08:50","",""
"The future belongs to those who dress for it 💙 Think you can keep up.png","The future belongs to those who dress for it 💙 Think you can keep up","2026-08-26 08:50","",""
"The garden chose me first 🌿 Do I look like I share.png","The garden chose me first 🌿 Do I look like I share","2026-08-27 08:50","",""
"The storm didn't scare me… I brought it 🩶 Are you here to fight or to kneel.png","The storm didn't scare me… I brought it 🩶 Are you here to fight or to kneel","2026-08-28 08:50","",""
"The train was on time… I was not done being looked at 🔴 Would you have missed your stop.png","The train was on time… I was not done being looked at 🔴 Would you have missed your stop","2026-08-29 08:50","",""
"Told myself I'd get up after one more stretch… that was an hour ago 😴 Do I look like I'm sorry.png","Told myself I'd get up after one more stretch… that was an hour ago 😴 Do I look like I'm sorry","2026-08-30 08:50","",""
"Told myself I'd get up early and be productive… this is where the morning went 😅 Tell me I'm not the only one.png","Told myself I'd get up early and be productive… this is where the morning went 😅 Tell me I'm not the only one","2026-08-31 08:50","",""
"Told myself five more minutes… the sea had other plans 🌊 Is it the light or do I always look this good at golden hour.png","Told myself five more minutes… the sea had other plans 🌊 Is it the light or do I always look this good at golden hour","2026-09-01 08:50","",""
"Told myself one glass and an early night… the lamp had warmer ideas 🍷 Is it wrong that I don't want company to leave.png","Told myself one glass and an early night… the lamp had warmer ideas 🍷 Is it wrong that I don't want company to leave","2026-09-02 08:50","",""
"Told myself to dress sensibly for the cold… the blazer stayed open 😅 Power move or distraction.png","Told myself to dress sensibly for the cold… the blazer stayed open 😅 Power move or distraction","2026-09-03 08:50","",""
"Took the train and accidentally became the distraction 😌 Would you sit next to me or just stare from across the aisle.png","Took the train and accidentally became the distraction 😌 Would you sit next to me or just stare from across the aisle","2026-09-04 08:50","",""
"Woke up thinking I needed somewhere interesting to be… found it 🖤 Would you have noticed me or just kept walking.png","Woke up thinking I needed somewhere interesting to be… found it 🖤 Would you have noticed me or just kept walking","2026-09-05 08:50","",""
"Woke up thinking today would be calm and organised… the mirror disagreed 😏 Care to guess what I decided.png","Woke up thinking today would be calm and organised… the mirror disagreed 😏 Care to guess what I decided","2026-09-06 08:50","",""
