"image","caption","scheduled_at","status","tweet_id","posted_at"
"Back seat, navy lace, and absolutely nowhere I need to be 🖤.png","Back seat, navy lace, and absolutely nowhere I need to be 🖤","2026-06-17 08:50","posted","2067174430099599530","2026-06-17 12:16"
"Black lace by candlelight… I clean up dangerously well 🖤.png","Black lace by candlelight… I clean up dangerously well 🖤","2026-06-18 08:50","posted","2067546284249301084","2026-06-18 12:53"
"Black lace in an old stone villa… some nights just write themselves 🖤.png","Black lace in an old stone villa… some nights just write themselves 🖤","2026-06-19 06:50","posted","2067873913778942197","2026-06-19 10:35"
"Came to the kitchen for coffee, stayed for the mirror 😏.png","Came to the kitchen for coffee, stayed for the mirror 😏","2026-06-20 06:50","posted","2068212856794054831","2026-06-20 09:02"
"Got comfortable on the couch and completely forgot how to behave 🖤.png","Got comfortable on the couch and completely forgot how to behave 🖤","2026-06-21 06:50","posted","2068565547801883122","2026-06-21 08:23"
"Just soft pink cotton and nothing on the agenda 💗.png","Just soft pink cotton and nothing on the agenda 💗","2026-06-22 06:50","posted","2068932034072818099","2026-06-22 08:40"
"Navy lace and lazy afternoons were made for each other 💙.png","Navy lace and lazy afternoons were made for each other 💙","2026-06-23 06:50","posted","2069307237193912538","2026-06-23 09:31"
"Pink lace and absolutely no plans to get dressed 💗.png","Pink lace and absolutely no plans to get dressed 💗","2026-06-24 06:50","posted","2069656138325602485","2026-06-24 08:37"
"Put the ears on and became everyone's favorite kind of trouble 🐰.png","Put the ears on and became everyone's favorite kind of trouble 🐰","2026-06-25 06:50","posted","2070004486840422736","2026-06-25 07:41"
"Red by the window, letting the warm light do all the talking 🔴.png","Red by the window, letting the warm light do all the talking 🔴","2026-06-26 06:50","posted","2070396253985251679","2026-06-26 09:38"
"Red lace and a smile that already made up its mind ❤️.png","Red lace and a smile that already made up its mind ❤️","2026-06-27 06:50","posted","2070750673273045459","2026-06-27 09:06"
"Red on the front steps, daring the whole street to look away 🔴.png","Red on the front steps, daring the whole street to look away 🔴","2026-06-28 06:50","posted","2071111880119349639","2026-06-28 09:02"
"Slipped into navy lace and lost every reason to leave this bed 🖤.png","Slipped into navy lace and lost every reason to leave this bed 🖤","2026-06-29 06:50","posted","2071458096132796713","2026-06-29 07:57"
"Soft pink, softer mood… don't let the bow fool you 🎀.png","Soft pink, softer mood… don't let the bow fool you 🎀","2026-06-30 06:50","posted","2071834861808005351","2026-06-30 08:54"
"Some evenings just call for red lace and zero explanations 🔴.png","Some evenings just call for red lace and zero explanations 🔴","2026-07-01 06:50","posted","2072213020508385520","2026-07-01 09:57"
"Stayed late at the office for reasons that had nothing to do with work 😏.jpg","Stayed late at the office for reasons that had nothing to do with work 😏","2026-07-02 06:50","posted","2072564377056592041","2026-07-02 09:13"
